{
  "Checkout" : {
    "transaction" : "Checkout",
    "sampleCount" : 500,
    "errorCount" : 17,
    "errorPct" : 3.4,
    "meanResTime" : 604.9979999999999,
    "medianResTime" : 398.0,
    "minResTime" : 230.0,
    "maxResTime" : 2638.0,
    "pct1ResTime" : 1111.0,
    "pct2ResTime" : 2185.699999999989,
    "pct3ResTime" : 2507.95,
    "throughput" : 20.10454362685967,
    "receivedKBytesPerSec" : 5.485163475070365,
    "sentKBytesPerSec" : 13.42920687575392
  },
  "Total" : {
    "transaction" : "Total",
    "sampleCount" : 1500,
    "errorCount" : 26,
    "errorPct" : 1.7333333,
    "meanResTime" : 1020.435333333332,
    "medianResTime" : 507.0,
    "minResTime" : 55.0,
    "maxResTime" : 4410.0,
    "pct1ResTime" : 2608.000000000001,
    "pct2ResTime" : 3054.5000000000005,
    "pct3ResTime" : 4072.99,
    "throughput" : 56.09783462358353,
    "receivedKBytesPerSec" : 63.93305132484386,
    "sentKBytesPerSec" : 20.1237103341561
  },
  "Login" : {
    "transaction" : "Login",
    "sampleCount" : 500,
    "errorCount" : 0,
    "errorPct" : 0.0,
    "meanResTime" : 943.0179999999987,
    "medianResTime" : 561.5,
    "minResTime" : 55.0,
    "maxResTime" : 3899.0,
    "pct1ResTime" : 2493.8000000000006,
    "pct2ResTime" : 2733.2,
    "pct3ResTime" : 2947.76,
    "throughput" : 19.05850962454736,
    "receivedKBytesPerSec" : 12.563131313131313,
    "sentKBytesPerSec" : 5.062491066323614
  },
  "Payment Token" : {
    "transaction" : "Payment Token",
    "sampleCount" : 500,
    "errorCount" : 9,
    "errorPct" : 1.8,
    "meanResTime" : 1513.2900000000004,
    "medianResTime" : 1286.0,
    "minResTime" : 232.0,
    "maxResTime" : 4410.0,
    "pct1ResTime" : 3555.7000000000007,
    "pct2ResTime" : 3857.3999999999996,
    "pct3ResTime" : 4325.43,
    "throughput" : 18.948724750824272,
    "receivedKBytesPerSec" : 47.12533041838784,
    "sentKBytesPerSec" : 2.7016736461136164
  }
}