{
  "Checkout" : {
    "transaction" : "Checkout",
    "sampleCount" : 390,
    "errorCount" : 11,
    "errorPct" : 2.8205128,
    "meanResTime" : 550.5897435897432,
    "medianResTime" : 447.0,
    "minResTime" : 239.0,
    "maxResTime" : 2867.0,
    "pct1ResTime" : 1208.7,
    "pct2ResTime" : 1377.35,
    "pct3ResTime" : 1679.959999999994,
    "throughput" : 8.384572386808273,
    "receivedKBytesPerSec" : 2.284258502816356,
    "sentKBytesPerSec" : 5.600632336500838
  },
  "Total" : {
    "transaction" : "Total",
    "sampleCount" : 1170,
    "errorCount" : 28,
    "errorPct" : 2.3931625,
    "meanResTime" : 1329.707692307691,
    "medianResTime" : 840.0,
    "minResTime" : 55.0,
    "maxResTime" : 4627.0,
    "pct1ResTime" : 3172.7000000000003,
    "pct2ResTime" : 3718.45,
    "pct3ResTime" : 4367.929999999999,
    "throughput" : 24.574153031862387,
    "receivedKBytesPerSec" : 27.544596443048878,
    "sentKBytesPerSec" : 8.81533744827876
  },
  "Login" : {
    "transaction" : "Login",
    "sampleCount" : 390,
    "errorCount" : 0,
    "errorPct" : 0.0,
    "meanResTime" : 1340.4384615384624,
    "medianResTime" : 1274.0,
    "minResTime" : 55.0,
    "maxResTime" : 4172.0,
    "pct1ResTime" : 2841.7000000000003,
    "pct2ResTime" : 3037.45,
    "pct3ResTime" : 3227.09,
    "throughput" : 8.346888108894786,
    "receivedKBytesPerSec" : 5.502099095218732,
    "sentKBytesPerSec" : 2.217142153925178
  },
  "Payment Token" : {
    "transaction" : "Payment Token",
    "sampleCount" : 390,
    "errorCount" : 17,
    "errorPct" : 4.3589745,
    "meanResTime" : 2098.0948717948754,
    "medianResTime" : 2140.5,
    "minResTime" : 240.0,
    "maxResTime" : 4627.0,
    "pct1ResTime" : 3967.000000000001,
    "pct2ResTime" : 4229.5,
    "pct3ResTime" : 4542.45,
    "throughput" : 8.31627430910952,
    "receivedKBytesPerSec" : 20.21698445762965,
    "sentKBytesPerSec" : 1.1857187979785055
  }
}