{
  "Total" : {
    "transaction" : "Total",
    "sampleCount" : 1200,
    "errorCount" : 0,
    "errorPct" : 0.0,
    "meanResTime" : 4546.481666666667,
    "medianResTime" : 4487.5,
    "minResTime" : 45.0,
    "maxResTime" : 9052.0,
    "pct1ResTime" : 8167.0,
    "pct2ResTime" : 8391.6,
    "pct3ResTime" : 8658.880000000001,
    "throughput" : 69.72690296339337,
    "receivedKBytesPerSec" : 45.99478864032539,
    "sentKBytesPerSec" : 25.687055127832654
  },
  "Login" : {
    "transaction" : "Login",
    "sampleCount" : 600,
    "errorCount" : 0,
    "errorPct" : 0.0,
    "meanResTime" : 2527.290000000002,
    "medianResTime" : 2386.0,
    "minResTime" : 72.0,
    "maxResTime" : 6296.0,
    "pct1ResTime" : 5001.099999999999,
    "pct2ResTime" : 5318.699999999998,
    "pct3ResTime" : 5573.96,
    "throughput" : 58.485232478799105,
    "receivedKBytesPerSec" : 39.80879593527634,
    "sentKBytesPerSec" : 14.678422604542353
  },
  "Create Product" : {
    "transaction" : "Create Product",
    "sampleCount" : 600,
    "errorCount" : 0,
    "errorPct" : 0.0,
    "meanResTime" : 6565.673333333336,
    "medianResTime" : 7736.5,
    "minResTime" : 45.0,
    "maxResTime" : 9052.0,
    "pct1ResTime" : 8391.2,
    "pct2ResTime" : 8528.699999999999,
    "pct3ResTime" : 8903.26,
    "throughput" : 35.536602700781806,
    "receivedKBytesPerSec" : 22.69437781331438,
    "sentKBytesPerSec" : 17.26417207119166
  }
}