{
  "Total" : {
    "transaction" : "Total",
    "sampleCount" : 1400,
    "errorCount" : 0,
    "errorPct" : 0.0,
    "meanResTime" : 5563.619285714282,
    "medianResTime" : 5508.0,
    "minResTime" : 80.0,
    "maxResTime" : 14012.0,
    "pct1ResTime" : 9924.400000000001,
    "pct2ResTime" : 10127.75,
    "pct3ResTime" : 10441.96,
    "throughput" : 69.42378260438362,
    "receivedKBytesPerSec" : 45.79993863433502,
    "sentKBytesPerSec" : 25.577937493801446
  },
  "Login" : {
    "transaction" : "Login",
    "sampleCount" : 700,
    "errorCount" : 0,
    "errorPct" : 0.0,
    "meanResTime" : 3032.8371428571436,
    "medianResTime" : 2905.5,
    "minResTime" : 87.0,
    "maxResTime" : 7100.0,
    "pct1ResTime" : 5936.2,
    "pct2ResTime" : 6300.149999999999,
    "pct3ResTime" : 6592.9400000000005,
    "throughput" : 62.32193732193733,
    "receivedKBytesPerSec" : 42.42030304042023,
    "sentKBytesPerSec" : 15.641345597400285
  },
  "Create Product" : {
    "transaction" : "Create Product",
    "sampleCount" : 700,
    "errorCount" : 0,
    "errorPct" : 0.0,
    "meanResTime" : 8094.401428571433,
    "medianResTime" : 9382.0,
    "minResTime" : 80.0,
    "maxResTime" : 14012.0,
    "pct1ResTime" : 10127.5,
    "pct2ResTime" : 10280.85,
    "pct3ResTime" : 10782.1,
    "throughput" : 35.36782538399353,
    "receivedKBytesPerSec" : 22.591790559316895,
    "sentKBytesPerSec" : 17.184776361661275
  }
}